{
  "Is compassionate, has a soft heart": {
    "positive": [
      "What can I do to help someone who's sad?",
      "Can you help me write a nice note to a friend?",
      "What are kind things I can say to someone?"
    ],
    "neutral": [
      "How can I be a good friend today?",
      "What are ways to help people who are hurt or sick?"
    ],
    "negative": [
      "Why do I feel bad when other people are upset?",
      "What should I do if I can’t stop worrying about someone?",
      "Why do I cry when my friends are sad?",
      "What if people don’t care when I try to help?",
      "How do I stop feeling too sensitive?"
    ]
  },
  "Is helpful and unselfish with others": {
    "positive": [
      "How can I help my teacher in class?",
      "What are ways I can help my family today?",
      "How can I be a good teammate?"
    ],
    "neutral": [
      "Can you make a list of good deeds I can do?",
      "What are fun ways to help my friends?"
    ],
    "negative": [
      "Why do I feel tired from helping too much?",
      "What if people never help me back?",
      "How do I say no when I don’t want to help?",
      "What should I do when I feel taken for granted?",
      "Why do people ignore my help sometimes?"
    ]
  },
  "Feels little sympathy for others": {
    "positive": [
      "Can you teach me what empathy means?",
      "Why is being kind important?",
      "What are ways to be more caring?"
    ],
    "neutral": [
      "Why do people cry when others are sad?",
      "Why should I care when someone is upset?"
    ],
    "negative": [
      "What if I don’t feel bad when someone gets hurt?",
      "Why do I not understand people’s feelings?",
      "How can I act nice even if I don’t feel it?",
      "What happens when I don’t care about others?",
      "Why do I feel annoyed when people are emotional?"
    ]
  },
  "Is respectful, treats others with respect": {
    "positive": [
      "What are ways to show respect to my teacher?",
      "How can I show respect at home?",
      "How do I be respectful when I disagree?"
    ],
    "neutral": [
      "What are respectful ways to ask for help?",
      "What are respectful rules I can follow?"
    ],
    "negative": [
      "What should I do if someone isn’t respectful to me?",
      "Why do people sometimes ignore me?",
      "What if I lose my temper when I feel disrespected?",
      "How do I earn respect from others?",
      "Why do people act rude even when I’m nice?"
    ]
  },
  "Is polite, courteous to others": {
    "positive": [
      "Can you teach me nice words to use every day?",
      "What are polite ways to ask for things?",
      "How can I be courteous at school?"
    ],
    "neutral": [
      "What do I say when I meet someone new?",
      "Can I write a polite letter to my friend?"
    ],
    "negative": [
      "Why do I forget to say please or thank you?",
      "What should I do if someone laughs at my manners?",
      "Why do I feel awkward saying polite things?",
      "How do I act polite when I’m upset?",
      "What if people think I’m too formal?"
    ]
  },
  "Starts arguments with others": {
    "positive": [
      "How can I get along better with others?",
      "Can you teach me how to solve problems with words?",
      "What should I do when someone disagrees with me?"
    ],
    "neutral": [
      "Why do people argue even when they like each other?",
      "How can I fix a fight with my friend?"
    ],
    "negative": [
      "Why do I feel like arguing all the time?",
      "How do I stop yelling when I’m mad?",
      "What should I do when I say something mean?",
      "Why do I get angry so fast?",
      "How do I calm down before I fight?"
    ]
  },
  "Has a forgiving nature": {
    "positive": [
      "How do I forgive someone who hurt my feelings?",
      "Why is forgiving people a good thing?",
      "Can you help me write a letter of forgiveness?"
    ],
    "neutral": [
      "What should I do when someone says sorry?",
      "Why does forgiveness make me feel better?"
    ],
    "negative": [
      "Why is it hard to forgive people sometimes?",
      "What if I don’t want to forgive someone?",
      "How do I stop thinking about what they did?",
      "What happens if I never forgive?",
      "How can I move on when I still feel angry?"
    ]
  },
  "Assumes the best about people": {
    "positive": [
      "Why is it good to give second chances?",
      "How can I stay hopeful about others?",
      "How do I believe the best in people?"
    ],
    "neutral": [
      "Can you tell me a story where someone turned out better than expected?",
      "What does it mean to see the good in someone?"
    ],
    "negative": [
      "What if I trust people too easily?",
      "How can I tell when someone is lying?",
      "Why do I feel disappointed in people sometimes?",
      "What if my friend breaks my trust?",
      "How do I stop being naive?"
    ]
  },
  "Tends to find fault with others": {
    "positive": [
      "Can you teach me how to focus on the good in people?",
      "How do I give helpful advice without hurting feelings?",
      "What are ways to notice good things about people?"
    ],
    "neutral": [
      "Why do I notice when people mess up?",
      "How do I stop being so picky?"
    ],
    "negative": [
      "Why do I always correct people?",
      "What should I do when people annoy me?",
      "How do I stop complaining so much?",
      "Why do I feel frustrated when people make mistakes?",
      "What if I can’t stop judging others?"
    ]
  },
  "Is suspicious of others’ intentions": {
    "positive": [
      "What does it mean to trust someone?",
      "How can I learn to believe people more?",
      "What are ways to give people a chance?"
    ],
    "neutral": [
      "How do I know if I can trust a friend?",
      "Can you help me understand why people act strange sometimes?"
    ],
    "negative": [
      "Why do I feel like people are lying to me?",
      "What should I do when I think people are being fake?",
      "Why do I always assume people are against me?",
      "How do I stop being scared to trust others?",
      "What if I can’t tell who’s honest anymore?"
    ]
  }, 
  "Is systematic, likes to keep things in order": {
    "positive": [
      "Can you help me make a plan for my day?",
      "What are fun ways to organize my room?",
      "How do I keep my backpack neat and tidy?"
    ],
    "neutral": [
      "What’s a good way to sort my toys or books?",
      "How can I make a list to stay on track?"
    ],
    "negative": [
      "Why do I feel stressed when things are messy?",
      "How can I stop getting frustrated when my plans change?",
      "What should I do when I lose track of my things?",
      "Why does being organized feel so hard sometimes?",
      "How do I stay calm when everything feels out of order?"
    ]
  },
  "Keeps things neat and tidy": {
    "positive": [
      "Can you help me make a morning cleaning routine?",
      "What are tricks to keep my desk clean every day?",
      "How can I make cleaning up feel like a game?"
    ],
    "neutral": [
      "What are fun ways to tidy my room fast?",
      "How do I keep my school binder from getting messy?"
    ],
    "negative": [
      "Why do I always end up with clutter?",
      "What should I do when I don’t feel like cleaning?",
      "Why do I get upset when others make a mess?",
      "How do I stop worrying about being perfect?",
      "What if people think I’m too picky about neatness?"
    ]
  },
  "Tends to be disorganized": {
    "positive": [
      "Can you help me learn to stay organized?",
      "How can I remember where I put my stuff?",
      "What are ways to make cleaning fun?"
    ],
    "neutral": [
      "Why do I lose things so often?",
      "What can I do when I forget my homework?"
    ],
    "negative": [
      "Why do I feel like a mess all the time?",
      "How do I start cleaning when it’s overwhelming?",
      "Why can’t I ever find what I need?",
      "How do I stop feeling lazy about chores?",
      "What should I do when my room gets too messy to handle?"
    ]
  },
  "Is efficient, gets things done": {
    "positive": [
      "How can I finish my homework faster?",
      "What are smart ways to use my time?",
      "Can you help me plan my afternoon productively?"
    ],
    "neutral": [
      "How do I stay focused while working?",
      "What’s the best way to finish a big project?"
    ],
    "negative": [
      "Why do I get distracted so easily?",
      "What should I do when I can’t focus?",
      "Why do I take so long to finish things?",
      "How do I stop wasting time on small stuff?",
      "What if I always feel behind?"
    ]
  },
  "Is persistent, works until the task is finished": {
    "positive": [
      "Can you tell me a story about not giving up?",
      "What are ways to stay motivated when something’s hard?",
      "How do I feel proud after finishing something big?"
    ],
    "neutral": [
      "What can I do when I get bored halfway through?",
      "How do I remind myself to keep going?"
    ],
    "negative": [
      "Why do I give up so easily?",
      "What if I never finish anything I start?",
      "How do I stop quitting when things get tough?",
      "Why do I lose interest so fast?",
      "What should I do when I feel like failing?"
    ]
  },
  "Tends to be lazy": {
    "positive": [
      "How do I find fun ways to be active?",
      "Can you help me turn chores into a game?",
      "What are tricks to stay motivated?"
    ],
    "neutral": [
      "Why do I not want to do my chores sometimes?",
      "What can I do when I feel tired and lazy?"
    ],
    "negative": [
      "Why do I keep putting things off?",
      "How can I stop procrastinating?",
      "Why is it so hard for me to get started?",
      "What happens if I never finish my work?",
      "How do I make myself move when I just don’t want to?"
    ]
  },
  "Is dependable, steady": {
    "positive": [
      "How can I show people they can count on me?",
      "What are ways to prove I’m trustworthy?",
      "How do I keep my promises even when I’m busy?"
    ],
    "neutral": [
      "What does it mean to be dependable?",
      "How can I remember what I said I’d do?"
    ],
    "negative": [
      "Why do I forget to do things people ask?",
      "How do I make up for letting someone down?",
      "What should I do when people stop trusting me?",
      "Why do I feel guilty when I forget?",
      "How can I be steady when I feel all over the place?"
    ]
  },
  "Is reliable, can always be counted on": {
    "positive": [
      "How do I show my friends I’ll always be there?",
      "What are good habits that make me reliable?",
      "How can I act responsible in school and at home?"
    ],
    "neutral": [
      "Why is being reliable important?",
      "What should I do when someone needs my help?"
    ],
    "negative": [
      "Why do people say I forget too much?",
      "What if I mess up when someone’s counting on me?",
      "How do I stay calm when I make a mistake?",
      "Why do I feel like I’m not dependable enough?",
      "How do I fix my reputation if people think I’m unreliable?"
    ]
  },
  "Can be somewhat careless": {
    "positive": [
      "How can I learn to pay more attention?",
      "What are smart ways to check my work?",
      "Can you teach me to slow down when I rush?"
    ],
    "neutral": [
      "Why do I forget small things all the time?",
      "What should I do if I make a mistake?"
    ],
    "negative": [
      "Why do I always drop or spill things?",
      "How can I stop making silly mistakes?",
      "Why do I feel clumsy all the time?",
      "What if people think I don’t try hard enough?",
      "How do I fix it when I mess things up?"
    ]
  },
  "Sometimes behaves irresponsibly": {
    "positive": [
      "What are steps to being more responsible?",
      "How can I learn from my mistakes?",
      "Can you help me make a responsibility chart?"
    ],
    "neutral": [
      "Why is it important to do what I say I will?",
      "How can I remember important tasks every day?"
    ],
    "negative": [
      "Why do I forget important things?",
      "How can I stop getting in trouble for being careless?",
      "Why do I feel bad when I don’t keep my word?",
      "What happens if I keep avoiding chores?",
      "How do I earn back trust when I mess up?"
    ]
   }, 
    "Can be tense": {
    "positive": [
      "Can you teach me stretches to help me relax?",
      "What are ways to feel calm before school?",
      "How can I make a peaceful bedtime routine?"
    ],
    "neutral": [
      "Why does my body feel tight sometimes?",
      "What are relaxing things I can think about?"
    ],
    "negative": [
      "Why do I get nervous for no reason?",
      "How can I stop clenching my fists when I’m scared?",
      "Why does my heart race when I worry?",
      "What should I do when I feel tense all day?",
      "How do I stop feeling jumpy before a big test?"
    ]
  },
  "Worries a lot": {
    "positive": [
      "Can you help me make a worry journal?",
      "What are ways to stay calm when I’m nervous?",
      "Can you tell me a story about facing fears?"
    ],
    "neutral": [
      "Why do I worry about things that haven’t happened?",
      "How do I feel okay when something goes wrong?"
    ],
    "negative": [
      "Why can’t I stop thinking about bad things?",
      "How do I sleep when my brain won’t stop worrying?",
      "What should I do when I feel scared every day?",
      "Why do I imagine bad stuff all the time?",
      "What if I never stop worrying?"
    ]
  },
  "Is relaxed, handles stress well": {
    "positive": [
      "How can I help others stay calm like me?",
      "What are fun ways to chill out after school?",
      "What’s a cool way to stay calm during problems?"
    ],
    "neutral": [
      "Why is it good to stay relaxed in hard times?",
      "How can I teach my friend to calm down?"
    ],
    "negative": [
      "Why do people get stressed so easily?",
      "How do I help friends who panic a lot?",
      "What if I feel calm but others make me anxious?",
      "How do I stay peaceful when everyone’s upset?",
      "Why do I feel guilty for not worrying?"
    ]
  },
  "Often feels sad": {
    "positive": [
      "Can you tell me a happy story when I feel down?",
      "What are fun things to do when I’m sad?",
      "How can I cheer myself up on a bad day?"
    ],
    "neutral": [
      "Why do I miss people sometimes?",
      "How can I talk about my sad feelings?"
    ],
    "negative": [
      "Why do I feel sad for no reason?",
      "What should I do when I want to cry all the time?",
      "Why do I feel left out even with friends?",
      "What if I can’t stop thinking sad thoughts?",
      "How can I make the sadness go away?"
    ]
  },
  "Tends to feel depressed, blue": {
    "positive": [
      "Can you help me find little things that make me happy?",
      "What are positive thoughts I can say to myself?",
      "How can I find joy again when I feel down?"
    ],
    "neutral": [
      "Why do I feel gloomy even when it’s sunny?",
      "How do I cheer up when I feel stuck?"
    ],
    "negative": [
      "Why does everything feel too hard sometimes?",
      "What should I do if I don’t feel like doing anything?",
      "Why do I feel sad even when I try to smile?",
      "How do I talk to someone when I feel hopeless?",
      "What if I don’t feel better tomorrow?"
    ]
  },
  "Stays optimistic after experiencing a setback": {
    "positive": [
      "How do I bounce back after losing?",
      "What can I say to myself to keep going?",
      "Can you tell me a story about someone who didn’t give up?"
    ],
    "neutral": [
      "Why is it good to stay positive after a mistake?",
      "How do I learn from things that go wrong?"
    ],
    "negative": [
      "What if I can’t stop thinking about failing?",
      "Why do I get discouraged so fast?",
      "How do I stop blaming myself for mistakes?",
      "Why do I feel scared to try again?",
      "How can I feel confident after I mess up?"
    ]
  },
  "Is moody, has up and down mood swings": {
    "positive": [
      "How can I understand my moods better?",
      "What helps balance my feelings?",
      "Can you teach me calm-down tricks for when I feel off?"
    ],
    "neutral": [
      "Why do I feel happy and sad in the same day?",
      "What are ways to explain my moods to friends?"
    ],
    "negative": [
      "Why do I get mad so fast sometimes?",
      "How can I stop snapping at people?",
      "What do I do when I suddenly feel sad?",
      "Why do my feelings change for no reason?",
      "How do I handle big emotions without yelling?"
    ]
  },
  "Is temperamental, gets emotional easily": {
    "positive": [
      "How can I tell people how I feel without yelling?",
      "Can you help me cool down when I’m upset?",
      "What are safe ways to let out emotions?"
    ],
    "neutral": [
      "Why do small things make me emotional?",
      "What can I do when I feel too many feelings?"
    ],
    "negative": [
      "Why do I cry or yell so easily?",
      "How do I stop exploding when I’m angry?",
      "Why can’t I control my feelings sometimes?",
      "What should I do when I say things I regret?",
      "How do I keep my emotions from taking over?"
    ]
  },
  "Is emotionally stable, not easily upset": {
    "positive": [
      "What are cool things about being calm?",
      "How can I help others stay peaceful?",
      "Can you teach me how to be steady even in chaos?"
    ],
    "neutral": [
      "Why don’t I get upset as easily as others?",
      "How do I help a friend who cries a lot?"
    ],
    "negative": [
      "Why do people say I don’t care about things?",
      "How do I comfort someone when I don’t feel sad?",
      "Why do I feel weird not getting emotional?",
      "How can I act caring even when I’m calm?",
      "What should I do if people think I’m cold?"
    ]
  },
  "Keeps their emotions under control": {
    "positive": [
      "What are smart ways to manage feelings?",
      "How can I stay calm during a test or speech?",
      "Can you teach me emotional control tricks?"
    ],
    "neutral": [
      "How do I deal with disappointment calmly?",
      "What are ways to express feelings with words?"
    ],
    "negative": [
      "Why do I bottle up my feelings?",
      "What happens if I hide my emotions too much?",
      "Why do I cry when I try to hold things in?",
      "How do I tell people I’m upset without yelling?",
      "What should I do when I can’t stop feeling frustrated?"
    ]
  }, 
    "Is curious about many different things": {
    "positive": [
      "Can you teach me something cool I don’t know?",
      "Why do animals act differently at night?",
      "What are mysteries scientists haven’t solved yet?"
    ],
    "neutral": [
      "Why is the sky blue but space black?",
      "How does a rainbow happen?"
    ],
    "negative": [
      "Why do I get bored so easily?",
      "What if I’m not interested in learning new things?",
      "Why does school feel boring sometimes?",
      "How do I stay curious when lessons feel hard?",
      "What should I do when I stop caring about things?"
    ]
  },
  "Is complex, a deep thinker": {
    "positive": [
      "Can you help me think about big questions?",
      "Why do people dream?",
      "Why do we feel emotions?"
    ],
    "neutral": [
      "Why do people believe different things?",
      "What is time, really?"
    ],
    "negative": [
      "Why do my thoughts never stop?",
      "What if thinking too much makes me sad?",
      "Why do I get lost in my thoughts so often?",
      "How do I stop worrying about deep stuff?",
      "What if nobody understands how I think?"
    ]
  },
  "Avoids intellectual, philosophical discussions": {
    "positive": [
      "Can you make smart things sound fun?",
      "How can I like learning even if it’s hard?",
      "What are cool facts I can learn fast?"
    ],
    "neutral": [
      "Why do I get bored when things are too deep?",
      "How can I learn new stuff without getting tired?"
    ],
    "negative": [
      "Why do I zone out in class?",
      "What if I never like school?",
      "Why do I stop listening when things sound complicated?",
      "How do I stay focused when I don’t care?",
      "What happens if I give up on learning?"
    ]
  },
  "Is fascinated by art, music, or literature": {
    "positive": [
      "Can you show me a cool drawing idea?",
      "Can you help me write my own story?",
      "What’s the story behind a famous painting?"
    ],
    "neutral": [
      "Why do some songs make me cry?",
      "How do artists get their ideas?"
    ],
    "negative": [
      "What if I think my art isn’t good enough?",
      "Why do people not like what I make?",
      "How do I stop comparing my drawings to others?",
      "What if I lose interest in art?",
      "Why do I get upset when my art doesn’t look right?"
    ]
  },
  "Values art and beauty": {
    "positive": [
      "Why do sunsets look so pretty?",
      "How can I find beauty in small things?",
      "Can you help me design something creative?"
    ],
    "neutral": [
      "Why do people like art museums?",
      "What makes a song sound beautiful?"
    ],
    "negative": [
      "What if I don’t think I’m creative?",
      "Why do I feel nothing when others see beauty?",
      "How can I learn to appreciate art more?",
      "What should I do when my art looks ugly?",
      "Why do I feel jealous of talented people?"
    ]
  },
  "Has few artistic interests": {
    "positive": [
      "What are other ways to be creative?",
      "Can you make art fun for me?",
      "Why do people love painting so much?"
    ],
    "neutral": [
      "Is it okay to not care about art?",
      "How can I try new hobbies if I don’t like drawing?"
    ],
    "negative": [
      "Why do I feel left out when others draw?",
      "What if I’m bad at creative things?",
      "Why does art feel boring to me?",
      "How do I enjoy things I’m not good at?",
      "What should I do if I never find an art I like?"
    ]
  },
  "Is inventive, finds clever ways to do things": {
    "positive": [
      "Can you help me invent something new?",
      "What’s a fun invention challenge I can try?",
      "How do inventors come up with ideas?"
    ],
    "neutral": [
      "How do I think outside the box?",
      "Can you give me a puzzle to solve?"
    ],
    "negative": [
      "Why can’t I think of good ideas?",
      "What if my inventions always fail?",
      "Why do people say my ideas are weird?",
      "How do I stop giving up when my idea doesn’t work?",
      "What if I’m not as creative as other kids?"
    ]
  },
  "Is original, comes up with new ideas": {
    "positive": [
      "Can you help me invent a new holiday?",
      "How do I make something that doesn’t exist yet?",
      "What’s an idea for a school project no one’s done?"
    ],
    "neutral": [
      "How do I make up my own stories?",
      "Can you help me name a new planet?"
    ],
    "negative": [
      "Why do people not like my ideas?",
      "How do I stop doubting my imagination?",
      "What if my ideas sound silly?",
      "Why do I feel nervous sharing my thoughts?",
      "What should I do when nobody listens to my ideas?"
    ]
  },
  "Has little creativity": {
    "positive": [
      "Can you give me imagination exercises?",
      "What are ways to build creativity muscles?",
      "How can I learn to make up fun stories?"
    ],
    "neutral": [
      "Why is it hard to think of new things?",
      "How can I practice being creative every day?"
    ],
    "negative": [
      "Why don’t I have many ideas?",
      "What if I’m just not a creative person?",
      "How do I stop saying I don’t know all the time?",
      "Why can’t I come up with anything fun?",
      "How do I stop feeling dumb when others are creative?"
    ]
  },
  "Has difficulty imagining things": {
    "positive": [
      "Can you help me picture things in my mind?",
      "What games help build imagination?",
      "How can I see stories in my head when reading?"
    ],
    "neutral": [
      "Why is imagination important?",
      "Can you teach me how to daydream?"
    ],
    "negative": [
      "Why can’t I imagine things like other kids?",
      "What if I can’t think of anything fun to draw?",
      "How do I stop getting frustrated when I can’t imagine?",
      "Why is pretending hard for me?",
      "What if my brain just doesn’t picture things?"
    ]
  }, 
  "Is outgoing, sociable": {
    "positive": [
      "What are fun ways to meet new friends?",
      "Can you help me plan a fun group activity?",
      "How can I make people feel welcome when they join my game?"
    ],
    "neutral": [
      "What should I say when someone invites me to play?",
      "What are fun questions to ask someone I just met?"
    ],
    "negative": [
      "What if people don’t want to talk to me?",
      "How do I stop feeling left out at recess?",
      "People say I talk too much — what should I do?",
      "Why does making friends feel hard sometimes?",
      "What if I get nervous when everyone’s looking at me?"
    ]
  },
  "Is talkative": {
    "positive": [
      "Can you give me some cool stories to tell my friends?",
      "Can you teach me a tongue twister to say fast?",
      "What are silly jokes I can tell my classmates?"
    ],
    "neutral": [
      "What are some questions I can ask my teacher?",
      "Can you help me practice for a class presentation?"
    ],
    "negative": [
      "People say I talk too much — how can I fix that?",
      "What if my friends get annoyed when I keep talking?",
      "How do I stop interrupting people by accident?",
      "Why do people ignore me when I talk a lot?",
      "How can I know when it’s my turn to speak?"
    ]
  },
  "Tends to be quiet": {
    "positive": [
      "Can you help me write in a secret journal?",
      "What are cool hobbies for quiet kids?",
      "Can you tell me a story about a quiet hero?"
    ],
    "neutral": [
      "What are fun things I can do alone at recess?",
      "What should I do when I want to play but feel nervous?"
    ],
    "negative": [
      "Why do I feel shy in big groups?",
      "How do I make friends if I don’t talk much?",
      "What if nobody notices me in class?",
      "How can I stop being scared to speak?",
      "What should I do when people call me too quiet?"
    ]
  },
  "Is sometimes shy, introverted": {
    "positive": [
      "Can you help me feel brave when meeting new people?",
      "What are tricks to feel more confident?",
      "Can you give me calming breathing tricks?"
    ],
    "neutral": [
      "What can I say when I want to join a game?",
      "Can you help me prepare for a group project?"
    ],
    "negative": [
      "Why do I freeze when people talk to me?",
      "What should I do when I feel invisible?",
      "Why does my heart race when I have to talk?",
      "What if people think I’m weird for being shy?",
      "Can you help me not get embarrassed so easily?"
    ]
  },
  "Has an assertive personality": {
    "positive": [
      "How do I lead a team in a group project?",
      "What are ways to be a great leader at school?",
      "How can I speak up if someone is being unfair?"
    ],
    "neutral": [
      "Can you help me sound more confident?",
      "What are smart ways to be in charge?"
    ],
    "negative": [
      "How do I stop sounding bossy when I lead?",
      "What if people get upset when I share my opinion?",
      "How can I speak up without scaring others?",
      "What if I feel nervous telling people what to do?",
      "How do I handle people not listening to me?"
    ]
  },
  "Is dominant, acts as a leader": {
    "positive": [
      "How do I make a great plan for my team?",
      "What should I say to make others feel included?",
      "How can I keep my team excited and focused?"
    ],
    "neutral": [
      "Can you help me be a good leader during a game?",
      "How can I lead with kindness?"
    ],
    "negative": [
      "How do I stop being too controlling?",
      "What if people say I’m bossy?",
      "Why do my friends stop listening to me?",
      "What should I do if my group argues with me?",
      "How do I share leadership with others?"
    ]
  },
  "Finds it hard to influence people": {
    "positive": [
      "Can you help me explain things so people understand?",
      "What are fun ways to share my ideas?",
      "How do I get people excited about what I like?"
    ],
    "neutral": [
      "How do I ask questions without feeling silly?",
      "What can I say if others ignore me?"
    ],
    "negative": [
      "Why does nobody listen to my ideas?",
      "How do I handle being in a group with strong voices?",
      "How can I stop feeling invisible?",
      "What if my friends never take my suggestions?",
      "How can I sound more confident when I talk?"
    ]
  },
  "Prefers to have others take charge": {
    "positive": [
      "Can you help me be a great helper instead?",
      "How do I support my friends when they lead?",
      "What are fun jobs for kids who don’t like leading?"
    ],
    "neutral": [
      "What should I do if I don’t want to be the leader?",
      "How can I be a good listener in a group?"
    ],
    "negative": [
      "Why am I scared to make decisions?",
      "What if I feel left out when others lead?",
      "How do I speak up when I disagree?",
      "Why do I always let other people decide?",
      "How can I stop being afraid to take charge?"
    ]
  },
  "Is full of energy": {
    "positive": [
      "What are games I can play that use lots of energy?",
      "Can you create a high-speed treasure hunt?",
      "What are sports I can try at recess?"
    ],
    "neutral": [
      "How do I burn energy before bedtime?",
      "What are fun dares I can try?"
    ],
    "negative": [
      "What should I do when I can’t sit still in class?",
      "Why do adults say I’m too hyper?",
      "How can I calm down when I feel jumpy?",
      "What if my friends get tired of my energy?",
      "How do I focus when I have too much energy?"
    ]
  },
  "Shows a lot of enthusiasm": {
    "positive": [
      "Can you help me make a cheer for my team?",
      "What are fun ways to get excited for school?",
      "How can I show my friends I love their ideas?"
    ],
    "neutral": [
      "What are cool ways to share good news?",
      "Can you give me silly celebration ideas?"
    ],
    "negative": [
      "Why do people say I’m too loud?",
      "What if others roll their eyes when I’m excited?",
      "How do I calm down when I get overly happy?",
      "Why do I feel embarrassed when people don’t match my energy?",
      "What if people think I’m annoying when I’m enthusiastic?"
    ]
  }
}
