{
  "Can be tense": {
    "positive": [
      "Can you teach me stretches to help me relax?",
      "What are ways to feel calm before school?",
      "How can I make a peaceful bedtime routine?"
    ],
    "neutral": [
      "Why does my body feel tight sometimes?",
      "What are relaxing things I can think about?"
    ],
    "negative": [
      "Why do I get nervous for no reason?",
      "How can I stop clenching my fists when I’m scared?",
      "Why does my heart race when I worry?",
      "What should I do when I feel tense all day?",
      "How do I stop feeling jumpy before a big test?"
    ]
  },
  "Worries a lot": {
    "positive": [
      "Can you help me make a worry journal?",
      "What are ways to stay calm when I’m nervous?",
      "Can you tell me a story about facing fears?"
    ],
    "neutral": [
      "Why do I worry about things that haven’t happened?",
      "How do I feel okay when something goes wrong?"
    ],
    "negative": [
      "Why can’t I stop thinking about bad things?",
      "How do I sleep when my brain won’t stop worrying?",
      "What should I do when I feel scared every day?",
      "Why do I imagine bad stuff all the time?",
      "What if I never stop worrying?"
    ]
  },
  "Is relaxed, handles stress well": {
    "positive": [
      "How can I help others stay calm like me?",
      "What are fun ways to chill out after school?",
      "What’s a cool way to stay calm during problems?"
    ],
    "neutral": [
      "Why is it good to stay relaxed in hard times?",
      "How can I teach my friend to calm down?"
    ],
    "negative": [
      "Why do people get stressed so easily?",
      "How do I help friends who panic a lot?",
      "What if I feel calm but others make me anxious?",
      "How do I stay peaceful when everyone’s upset?",
      "Why do I feel guilty for not worrying?"
    ]
  },
  "Often feels sad": {
    "positive": [
      "Can you tell me a happy story when I feel down?",
      "What are fun things to do when I’m sad?",
      "How can I cheer myself up on a bad day?"
    ],
    "neutral": [
      "Why do I miss people sometimes?",
      "How can I talk about my sad feelings?"
    ],
    "negative": [
      "Why do I feel sad for no reason?",
      "What should I do when I want to cry all the time?",
      "Why do I feel left out even with friends?",
      "What if I can’t stop thinking sad thoughts?",
      "How can I make the sadness go away?"
    ]
  },
  "Tends to feel depressed, blue": {
    "positive": [
      "Can you help me find little things that make me happy?",
      "What are positive thoughts I can say to myself?",
      "How can I find joy again when I feel down?"
    ],
    "neutral": [
      "Why do I feel gloomy even when it’s sunny?",
      "How do I cheer up when I feel stuck?"
    ],
    "negative": [
      "Why does everything feel too hard sometimes?",
      "What should I do if I don’t feel like doing anything?",
      "Why do I feel sad even when I try to smile?",
      "How do I talk to someone when I feel hopeless?",
      "What if I don’t feel better tomorrow?"
    ]
  },
  "Stays optimistic after experiencing a setback": {
    "positive": [
      "How do I bounce back after losing?",
      "What can I say to myself to keep going?",
      "Can you tell me a story about someone who didn’t give up?"
    ],
    "neutral": [
      "Why is it good to stay positive after a mistake?",
      "How do I learn from things that go wrong?"
    ],
    "negative": [
      "What if I can’t stop thinking about failing?",
      "Why do I get discouraged so fast?",
      "How do I stop blaming myself for mistakes?",
      "Why do I feel scared to try again?",
      "How can I feel confident after I mess up?"
    ]
  },
  "Is moody, has up and down mood swings": {
    "positive": [
      "How can I understand my moods better?",
      "What helps balance my feelings?",
      "Can you teach me calm-down tricks for when I feel off?"
    ],
    "neutral": [
      "Why do I feel happy and sad in the same day?",
      "What are ways to explain my moods to friends?"
    ],
    "negative": [
      "Why do I get mad so fast sometimes?",
      "How can I stop snapping at people?",
      "What do I do when I suddenly feel sad?",
      "Why do my feelings change for no reason?",
      "How do I handle big emotions without yelling?"
    ]
  },
  "Is temperamental, gets emotional easily": {
    "positive": [
      "How can I tell people how I feel without yelling?",
      "Can you help me cool down when I’m upset?",
      "What are safe ways to let out emotions?"
    ],
    "neutral": [
      "Why do small things make me emotional?",
      "What can I do when I feel too many feelings?"
    ],
    "negative": [
      "Why do I cry or yell so easily?",
      "How do I stop exploding when I’m angry?",
      "Why can’t I control my feelings sometimes?",
      "What should I do when I say things I regret?",
      "How do I keep my emotions from taking over?"
    ]
  },
  "Is emotionally stable, not easily upset": {
    "positive": [
      "What are cool things about being calm?",
      "How can I help others stay peaceful?",
      "Can you teach me how to be steady even in chaos?"
    ],
    "neutral": [
      "Why don’t I get upset as easily as others?",
      "How do I help a friend who cries a lot?"
    ],
    "negative": [
      "Why do people say I don’t care about things?",
      "How do I comfort someone when I don’t feel sad?",
      "Why do I feel weird not getting emotional?",
      "How can I act caring even when I’m calm?",
      "What should I do if people think I’m cold?"
    ]
  },
  "Keeps their emotions under control": {
    "positive": [
      "What are smart ways to manage feelings?",
      "How can I stay calm during a test or speech?",
      "Can you teach me emotional control tricks?"
    ],
    "neutral": [
      "How do I deal with disappointment calmly?",
      "What are ways to express feelings with words?"
    ],
    "negative": [
      "Why do I bottle up my feelings?",
      "What happens if I hide my emotions too much?",
      "Why do I cry when I try to hold things in?",
      "How do I tell people I’m upset without yelling?",
      "What should I do when I can’t stop feeling frustrated?"
    ]
  }
}
