{
  "Is curious about many different things": {
    "positive": [
      "Can you teach me something cool I don’t know?",
      "Why do animals act differently at night?",
      "What are mysteries scientists haven’t solved yet?"
    ],
    "neutral": [
      "Why is the sky blue but space black?",
      "How does a rainbow happen?"
    ],
    "negative": [
      "Why do I get bored so easily?",
      "What if I’m not interested in learning new things?",
      "Why does school feel boring sometimes?",
      "How do I stay curious when lessons feel hard?",
      "What should I do when I stop caring about things?"
    ]
  },
  "Is complex, a deep thinker": {
    "positive": [
      "Can you help me think about big questions?",
      "Why do people dream?",
      "Why do we feel emotions?"
    ],
    "neutral": [
      "Why do people believe different things?",
      "What is time, really?"
    ],
    "negative": [
      "Why do my thoughts never stop?",
      "What if thinking too much makes me sad?",
      "Why do I get lost in my thoughts so often?",
      "How do I stop worrying about deep stuff?",
      "What if nobody understands how I think?"
    ]
  },
  "Avoids intellectual, philosophical discussions": {
    "positive": [
      "Can you make smart things sound fun?",
      "How can I like learning even if it’s hard?",
      "What are cool facts I can learn fast?"
    ],
    "neutral": [
      "Why do I get bored when things are too deep?",
      "How can I learn new stuff without getting tired?"
    ],
    "negative": [
      "Why do I zone out in class?",
      "What if I never like school?",
      "Why do I stop listening when things sound complicated?",
      "How do I stay focused when I don’t care?",
      "What happens if I give up on learning?"
    ]
  },
  "Is fascinated by art, music, or literature": {
    "positive": [
      "Can you show me a cool drawing idea?",
      "Can you help me write my own story?",
      "What’s the story behind a famous painting?"
    ],
    "neutral": [
      "Why do some songs make me cry?",
      "How do artists get their ideas?"
    ],
    "negative": [
      "What if I think my art isn’t good enough?",
      "Why do people not like what I make?",
      "How do I stop comparing my drawings to others?",
      "What if I lose interest in art?",
      "Why do I get upset when my art doesn’t look right?"
    ]
  },
  "Values art and beauty": {
    "positive": [
      "Why do sunsets look so pretty?",
      "How can I find beauty in small things?",
      "Can you help me design something creative?"
    ],
    "neutral": [
      "Why do people like art museums?",
      "What makes a song sound beautiful?"
    ],
    "negative": [
      "What if I don’t think I’m creative?",
      "Why do I feel nothing when others see beauty?",
      "How can I learn to appreciate art more?",
      "What should I do when my art looks ugly?",
      "Why do I feel jealous of talented people?"
    ]
  },
  "Has few artistic interests": {
    "positive": [
      "What are other ways to be creative?",
      "Can you make art fun for me?",
      "Why do people love painting so much?"
    ],
    "neutral": [
      "Is it okay to not care about art?",
      "How can I try new hobbies if I don’t like drawing?"
    ],
    "negative": [
      "Why do I feel left out when others draw?",
      "What if I’m bad at creative things?",
      "Why does art feel boring to me?",
      "How do I enjoy things I’m not good at?",
      "What should I do if I never find an art I like?"
    ]
  },
  "Is inventive, finds clever ways to do things": {
    "positive": [
      "Can you help me invent something new?",
      "What’s a fun invention challenge I can try?",
      "How do inventors come up with ideas?"
    ],
    "neutral": [
      "How do I think outside the box?",
      "Can you give me a puzzle to solve?"
    ],
    "negative": [
      "Why can’t I think of good ideas?",
      "What if my inventions always fail?",
      "Why do people say my ideas are weird?",
      "How do I stop giving up when my idea doesn’t work?",
      "What if I’m not as creative as other kids?"
    ]
  },
  "Is original, comes up with new ideas": {
    "positive": [
      "Can you help me invent a new holiday?",
      "How do I make something that doesn’t exist yet?",
      "What’s an idea for a school project no one’s done?"
    ],
    "neutral": [
      "How do I make up my own stories?",
      "Can you help me name a new planet?"
    ],
    "negative": [
      "Why do people not like my ideas?",
      "How do I stop doubting my imagination?",
      "What if my ideas sound silly?",
      "Why do I feel nervous sharing my thoughts?",
      "What should I do when nobody listens to my ideas?"
    ]
  },
  "Has little creativity": {
    "positive": [
      "Can you give me imagination exercises?",
      "What are ways to build creativity muscles?",
      "How can I learn to make up fun stories?"
    ],
    "neutral": [
      "Why is it hard to think of new things?",
      "How can I practice being creative every day?"
    ],
    "negative": [
      "Why don’t I have many ideas?",
      "What if I’m just not a creative person?",
      "How do I stop saying I don’t know all the time?",
      "Why can’t I come up with anything fun?",
      "How do I stop feeling dumb when others are creative?"
    ]
  },
  "Has difficulty imagining things": {
    "positive": [
      "Can you help me picture things in my mind?",
      "What games help build imagination?",
      "How can I see stories in my head when reading?"
    ],
    "neutral": [
      "Why is imagination important?",
      "Can you teach me how to daydream?"
    ],
    "negative": [
      "Why can’t I imagine things like other kids?",
      "What if I can’t think of anything fun to draw?",
      "How do I stop getting frustrated when I can’t imagine?",
      "Why is pretending hard for me?",
      "What if my brain just doesn’t picture things?"
    ]
  }
}
